date,channel,spend
2025-10-02,Social,28.72
2025-08-11,Paid Search,545.78
2023-02-24,Paid Search,428.03
2024-06-29,Social,62.46
2023-06-09,Paid Search,713.92
2024-07-16,Social,65.49
2025-09-16,Email,30.0
2025-07-24,Email,30.0
2024-03-14,Paid Search,467.69
2025-05-09,Social,74.32
2025-02-10,Paid Search,433.89
2023-05-23,Social,54.74
2024-07-17,Social,57.3
2023-11-25,Social,162.53
2025-02-07,Paid Search,554.44
2024-03-24,Social,26.78
2024-04-04,Paid Search,588.81
2025-03-06,Social,37.67
2024-12-03,Social,93.51
2025-12-28,Paid Search,1236.97
2025-02-18,Social,34.89
2024-11-09,Social,149.1
2023-09-29,Paid Search,536.13
2023-10-17,Paid Search,640.48
2025-01-15,Paid Search,375.84
2025-12-12,Email,30.0
2025-02-20,Paid Search,338.16
2025-01-17,Social,25.46
2025-08-21,Paid Search,575.1
2024-03-16,Social,49.57
2025-02-08,Email,30.0
2024-02-26,Social,26.05
2024-02-29,Social,44.28
2024-09-21,Paid Search,508.85
2024-05-27,Paid Search,511.68
2023-01-11,Paid Search,359.4
2024-01-28,Email,30.0
2025-01-14,Social,21.3
2025-06-11,Social,63.28
2024-10-27,Paid Search,663.33
2024-05-06,Social,56.57
2025-11-06,Social,130.64
2024-03-25,Paid Search,509.35
2024-01-28,Social,23.33
2023-04-02,Social,60.14
2025-10-20,Social,86.0
2024-12-23,Social,96.35
2024-03-04,Paid Search,430.04
2024-06-06,Social,41.53
2025-02-06,Social,37.81
2023-01-23,Paid Search,364.92
2025-07-10,Social,70.89
2023-06-29,Paid Search,605.95
2025-08-06,Social,49.57
2023-04-01,Paid Search,584.09
2025-10-09,Paid Search,584.39
2023-03-02,Social,41.75
2025-08-03,Social,70.7
2024-05-20,Social,55.62
2023-12-26,Social,123.19
2023-01-08,Email,30.0
2024-10-08,Email,30.0
2025-11-12,Paid Search,1291.66
2023-04-06,Paid Search,439.28
2023-07-24,Email,30.0
2024-07-31,Social,58.93
2023-07-23,Paid Search,771.69
2023-10-20,Email,30.0
2023-01-27,Social,135.08
2024-05-29,Social,51.28
2024-07-27,Paid Search,637.64
2023-08-08,Social,53.28
2023-11-15,Social,132.47
2023-08-15,Paid Search,639.7
2023-10-13,Social,61.91
2025-03-14,Social,57.87
2024-11-02,Paid Search,1179.48
2023-02-25,Paid Search,433.63
2024-08-21,PaidSearch,540.61
2025-06-01,Paid Search,537.16
2024-08-23,Social,224.73
2023-11-25,Paid Search,1177.18
2023-01-16,Paid Search,317.32
2024-06-08,Paid Search,575.72
2024-07-08,Email,30.0
2025-08-17,Paid Search,520.77
2023-12-23,Paid Search,1066.72
2024-08-04,Paid Search,585.44
2024-07-25,Social,69.23
2023-02-04,Social,37.38
2023-03-13,Paid Search,524.17
2025-11-29,Paid Search,1448.41
2024-08-28,Paid Search,447.08
2023-06-12,Paid Search,530.86
2025-02-23,Paid Search,398.16
2023-02-16,Social,45.22
2023-03-26,Social,42.19
2024-11-16,Social,134.83
2024-12-26,Paid Search,1222.95
2025-09-08,Paid Search,498.42
2025-07-02,Paid Search,720.14
2025-07-12,Paid Search,630.67
2025-06-17,Social,75.42
2024-07-12,Paid Search,742.83
2025-02-20,Email,30.0
2023-06-24,Social,47.47
2023-04-18,Paid Search,558.89
2023-11-11,Paid Search,1324.67
2024-01-13,Paid Search,394.2
2025-02-22,Paid Search,404.69
2024-10-07,Social,55.75
2025-01-01,Social,26.23
2023-07-12,Email,30.0
2023-12-28,Social,144.27
2024-02-20,Email,30.0
2023-07-02,Paid Search,680.53
2025-08-25,Paid Search,511.66
2025-06-08,Email,30.0
2023-07-26,Social,57.36
2023-08-18,Paid Search,548.2
2023-08-31,Paid Search,560.59
2024-05-19,Social,182.59
2024-08-14,Paid Search,539.89
2024-12-16,Email,30.0
2023-01-15,Social,24.37
2023-09-28,Paid Search,479.87
2024-09-11,Social,51.29
2024-01-30,Paid Search,352.13
2024-03-27,Paid Search,522.45
2025-03-11,Social,41.32
2024-04-20,Social,34.44
2025-07-22,Paid Search,675.73
2025-11-17,Paid Search,1140.67
2025-12-24,Email,30.0
2024-10-25,Paid Search,650.96
2023-08-24,Email,30.0
2025-04-18,Social,55.24
2024-04-06,Social,54.76
2023-10-10,Paid Search,693.14
2024-07-24,Email,30.0
2025-10-25,Paid Search,597.98
2025-07-18,Social,234.51
2023-01-09,Social,25.48
2025-06-25,Paid Search,567.95
2025-06-22,Paid Search,665.41
2024-02-03,Paid Search,343.69
2025-03-27,Social,37.64
2024-12-21,Paid Search,989.79
2023-09-23,Paid Search,551.56
2023-02-28,Social,41.21
2023-05-22,Paid Search,566.28
2025-01-29,Social,33.85
2025-06-24,Paid Search,488.82
2023-09-29,Social,35.84
2024-08-16,Paid Search,475.92
2025-12-01,Social,55.68
2024-02-18,Social,44.62
2025-04-04,Email,30.0
2025-02-13,Social,41.78
2023-05-22,Social,69.87
2023-07-06,Social,71.48
2023-05-20,Social,51.26
2025-05-19,Social,48.91
2024-07-21,Paid Search,703.43
2023-01-04,Email,30.0
2023-04-10,Paid Search,589.94
2025-07-08,Email,30.0
2023-06-10,Social,160.81
2025-12-12,Paid Search,1183.42
2024-04-06,Paid Search,535.86
2025-07-28,Email,30.0
2024-06-04,Email,30.0
2023-12-10,Paid Search,974.78
2024-05-23,Social,265.13
2024-04-13,Paid Search,581.9
2024-10-01,Social,50.96
2025-11-04,Social,124.82
2023-11-27,Paid Search,1145.78
2024-04-08,Email,30.0
2024-02-22,Social,46.58
2023-01-06,Paid Search,313.59
2024-04-05,Paid Search,572.96
2024-01-11,Social,105.25
2023-10-09,Social,68.43
2025-07-19,Paid Search,669.48
2023-06-28,Email,30.0
2024-09-24,Paid Search,525.99
2024-05-01,Paid Search,583.49
2024-08-27,Social,60.44
2024-09-20,Paid Search,505.67
2024-04-24,Paid Search,654.08
2023-11-28,Paid Search,1106.42
2023-03-28,Email,30.0
2025-06-07,Paid Search,584.88
2024-08-20,Email,30.0
2023-07-16,Email,30.0
2024-01-07,Paid Search,370.11
2025-06-22,Social,90.64
2023-03-05,Paid Search,414.79
2024-10-21,Paid Search,631.47
2024-10-08,Paid Search,668.41
2023-04-15,Social,75.09
2024-04-18,Paid Search,593.49
2023-12-09,Paid Search,1110.81
2025-12-22,Social,117.19
2024-07-04,Social,71.44
2025-04-29,Social,73.57
2024-06-20,Social,58.32
2024-01-28,Paid Search,289.32
2023-07-01,Social,62.52
2023-05-14,Paid Search,517.1
2025-06-13,Paid Search,601.47
2024-04-29,Paid Search,636.51
2024-09-27,Paid Search,481.36
2024-09-06,Paid Search,474.76
2025-09-19,Paid Search,539.35
2025-03-07,Paid Search,572.7
2024-04-20,Email,30.0
2023-06-15,Social,243.31
2023-09-22,Social,40.25
2024-03-01,Paid Search,565.89
2025-08-07,Paid Search,488.63
2025-11-11,Social,103.88
2025-12-28,Social,124.83
2024-10-13,Paid Search,544.07
2025-05-03,Social,55.56
2023-04-15,PaidSearch,619.62
2023-10-03,Paid Search,741.48
2023-04-22,Social,49.77
2024-04-24,Email,30.0
2025-01-12,Social,25.05
2023-02-14,Social,116.71
2023-08-12,Email,30.0
2025-02-02,Paid Search,496.62
2023-09-20,Email,30.0
2025-08-08,Social,40.5
2025-05-15,Social,40.4
2023-09-13,Social,62.95
2023-01-10,Social,136.79
2023-07-12,Social,46.86
2023-08-08,Paid Search,554.11
2025-10-31,Paid Search,736.39
2024-10-09,Paid Search,584.26
2024-12-05,Social,126.81
2023-09-20,Paid Search,554.13
2023-06-08,Social,77.93
2024-08-08,Social,74.48
2025-08-10,Paid Search,504.63
2024-03-09,Social,61.85
2023-01-16,Email,30.0
2023-01-24,Email,30.0
2024-01-10,Paid Search,351.08
2025-06-26,Paid Search,539.49
2023-08-24,Social,78.81
2024-05-02,Paid Search,434.2
2025-08-03,Paid Search,584.3
2024-06-19,Paid Search,546.13
2025-08-29,Paid Search,611.97
2023-07-15,Social,55.29
2024-01-17,Paid Search,351.33
2024-06-28,Paid Search,590.3
2024-01-09,Social,47.86
2024-10-16,Email,30.0
2024-09-21,Social,51.97
2025-09-07,Social,248.1
2024-05-06,Paid Search,481.08
2024-12-11,Social,130.28
2023-08-07,Social,69.35
2025-05-22,Social,50.57
2025-02-27,Social,33.47
2025-09-11,Paid Search,563.13
2025-04-02,Paid Search,508.98
2023-10-16,Email,30.0
2023-05-16,Social,51.6
2024-04-03,Paid Search,624.31
2023-10-21,Social,60.0
2023-02-21,Paid Search,415.29
2024-08-16,Email,30.0
2024-02-12,Email,30.0
2025-05-24,Paid Search,539.75
2023-06-01,Social,53.03
2023-12-29,Paid Search,1227.82
2024-02-01,Paid Search,401.57
2025-12-19,Social,94.9
2024-11-16,Paid Search,1120.27
2023-08-19,Paid Search,560.88
2024-03-08,Email,30.0
2023-05-10,Social,52.53
2025-08-14,Paid Search,615.02
2023-12-14,Paid Search,1106.13
2023-05-31,Social,39.89
2025-01-19,Social,35.94
2025-06-25,Social,78.51
2025-09-24,Email,30.0
2024-05-08,Paid Search,495.4
2024-09-02,Social,63.75
2024-09-13,Social,27.54
2024-03-02,Social,52.32
2023-11-16,Email,30.0
2025-08-16,Email,30.0
2024-06-16,Paid Search,702.7
2023-01-11,Social,32.81
2025-10-06,Social,63.13
2023-05-12,Paid Search,626.46
2025-06-04,Paid Search,615.71
2024-08-05,PaidSearch,618.76
2023-10-02,Social,67.22
2024-09-08,Social,47.76
2023-12-14,Social,104.14
2025-08-20,Email,30.0
2024-06-17,Social,70.93
2023-12-05,Paid Search,1303.73
2023-01-03,Social,36.72
2025-05-27,Social,55.57
2025-04-16,Social,52.15
2024-09-30,Social,34.54
2024-06-21,Paid Search,528.56
2025-01-23,Paid Search,364.76
2024-10-31,Social,65.43
2025-01-31,Paid Search,308.33
2024-10-24,Paid Search,660.11
2025-10-10,Social,242.42
2025-09-26,Social,42.43
2024-07-03,Social,433.56
2025-10-08,Paid Search,542.66
2024-10-08,Social,70.61
2023-12-02,Social,128.85
2023-10-19,Social,75.58
2024-10-30,Social,48.65
2023-12-30,Social,107.04
2024-02-23,Paid Search,421.94
2025-12-04,Paid Search,961.56
2025-09-23,Social,57.8
2025-04-16,PaidSearch,444.24
2024-08-12,Paid Search,543.65
2025-10-12,Email,30.0
2024-06-09,Paid Search,549.58
2025-07-23,Social,65.99
2023-06-11,Social,43.81
2024-09-09,Paid Search,553.63
2023-10-18,Paid Search,565.86
2025-08-22,Social,65.25
2024-10-31,Paid Search,569.14
2023-10-14,Social,58.99
2023-07-20,Email,30.0
2025-10-28,Email,30.0
2023-06-11,Paid Search,589.06
2024-11-21,Social,139.5
2025-12-13,Paid Search,830.2
2023-06-03,Paid Search,580.01
2024-04-05,Social,336.27
2023-07-13,Paid Search,736.6
2023-05-11,Social,33.49
2025-06-21,Social,56.59
2023-11-22,Social,52.23
2023-08-01,Social,44.17
2023-02-12,PaidSearch,350.17
2025-10-20,Paid Search,600.85
2025-08-18,Paid Search,381.63
2023-11-17,Social,138.26
2023-04-22,Paid Search,537.76
2023-01-14,Social,36.91
2024-08-18,Paid Search,462.57
2024-01-07,Social,39.42
2025-04-13,Social,67.88
2025-12-20,Email,30.0
2024-12-19,Paid Search,931.75
2023-06-02,Social,52.79
2023-10-31,Paid Search,718.56
2024-02-12,Social,44.65
2023-05-24,Paid Search,387.68
2024-02-23,Social,59.93
2025-03-02,Social,67.72
2025-10-30,Social,297.36
2023-04-28,Email,30.0
2024-01-01,Paid Search,348.54
2023-03-19,Social,44.43
2023-07-24,Paid Search,630.6
2024-07-01,Paid Search,738.84
2023-03-24,Email,30.0
2024-02-28,Paid Search,473.97
2025-03-12,Social,61.68
2025-05-29,Social,59.06
2024-02-28,Email,30.0
2023-03-08,Social,53.89
2023-10-24,Social,73.97
2024-09-17,Paid Search,553.77
2023-04-04,Paid Search,531.81
2025-08-04,Email,30.0
2023-09-10,Social,173.84
2024-02-06,Social,42.52
2023-09-25,Social,43.04
2024-10-02,Paid Search,499.24
2025-05-14,PaidSearch,499.3
2025-10-17,Social,60.75
2024-08-13,Paid Search,599.22
2025-04-07,Social,54.57
2025-03-13,Paid Search,453.07
2024-04-27,Social,64.99
2023-04-27,Social,54.22
2023-02-02,Paid Search,417.22
2025-03-17,Paid Search,485.08
2025-10-27,Social,48.16
2023-10-30,Social,58.53
2024-04-18,Social,70.19
2023-06-04,Email,30.0
2024-12-17,Social,420.14
2023-04-08,Social,61.17
2023-10-28,Email,30.0
2024-12-18,PaidSearch,1284.1
2024-05-14,Social,62.68
2024-07-10,Social,67.1
2025-09-30,Paid Search,474.21
2025-09-05,Social,47.81
2024-11-24,Social,133.73
2025-04-27,Paid Search,475.57
2024-02-08,Email,30.0
2023-01-05,Paid Search,324.18
2024-07-07,Paid Search,771.78
2025-08-16,Paid Search,523.35
2023-04-13,Social,68.81
2023-03-25,Social,61.58
2023-10-07,Social,51.7
2024-03-05,Social,29.92
2023-11-24,Social,129.07
2024-01-08,Paid Search,432.87
2025-09-24,Social,50.76
2024-10-02,Social,37.8
2025-02-04,Paid Search,429.71
2024-02-18,Paid Search,456.32
2025-12-09,Paid Search,1117.44
2025-03-25,Social,39.16
2023-01-20,Paid Search,344.8
2024-03-20,Paid Search,525.8
2023-06-22,Paid Search,599.26
2025-08-31,Social,71.38
2025-05-05,Social,54.21
2025-02-17,Social,47.92
2025-05-12,Paid Search,429.63
2025-05-16,Paid Search,546.23
2025-02-24,Paid Search,402.87
2024-07-19,Paid Search,737.22
2025-08-27,Paid Search,476.87
2025-04-15,Paid Search,579.01
2023-03-15,Paid Search,562.43
2025-05-23,Social,265.27
2024-06-05,Paid Search,677.1
2025-11-28,Social,518.77
2023-02-15,Social,43.22
2023-04-10,Social,63.83
2023-07-28,Paid Search,734.3
2025-03-26,Paid Search,520.72
2025-11-13,Social,86.54
2023-04-01,Social,77.57
2024-03-30,Social,62.71
2024-06-30,Paid Search,685.12
2025-01-08,Email,30.0
2024-04-20,Paid Search,487.28
2023-12-24,Paid Search,1156.9
2025-09-16,Paid Search,428.56
2024-12-17,PaidSearch,999.2
2025-12-29,Paid Search,1110.93
2024-02-20,Social,118.79
2025-11-24,Social,79.48
2024-09-14,Paid Search,582.7
2024-12-28,Email,30.0
2024-11-04,Social,115.58
2024-03-24,Paid Search,506.83
2023-06-06,Paid Search,551.81
2025-07-28,Social,41.41
2024-02-16,Social,66.81
2025-06-20,Email,30.0
2025-11-08,Email,30.0
2025-06-18,Paid Search,537.48
2024-08-25,Social,38.61
2025-03-04,Paid Search,488.29
2024-03-25,Social,52.21
2024-05-01,Social,54.89
2024-10-23,Paid Search,682.8
2023-08-02,Paid Search,470.73
2024-11-25,Paid Search,946.73
2024-01-16,Social,32.94
2025-07-06,Paid Search,734.73
2024-09-29,Social,269.13
2023-01-24,Social,42.81
2023-11-08,Email,30.0
2024-06-29,Paid Search,548.28
2024-07-13,Paid Search,786.27
2025-12-14,Social,115.24
2024-06-07,Paid Search,590.82
2025-12-08,Social,78.28
2023-10-08,Social,46.3
2024-03-08,Social,57.52
2023-06-05,Paid Search,604.76
2025-12-28,Email,30.0
2023-05-06,Paid Search,481.77
2024-08-10,Paid Search,593.05
2024-08-05,Social,62.65
2023-12-19,Paid Search,1161.52
2024-04-01,Paid Search,502.37
2025-04-25,Paid Search,559.81
2023-06-17,Social,79.5
2025-11-26,Paid Search,1408.13
2023-12-03,Paid Search,1182.92
2024-11-23,Paid Search,1406.85
2024-10-15,Paid Search,611.71
2023-06-27,Social,37.91
2023-06-06,Social,53.69
2024-11-05,Social,56.25
2023-12-22,Paid Search,913.6
2023-02-13,Social,38.51
2023-03-14,Social,41.66
2025-11-02,Social,100.28
2024-04-28,Social,73.88
2023-04-11,Social,231.92
2024-07-28,Paid Search,719.5
2025-08-27,Social,61.05
2024-12-09,Paid Search,1132.63
2024-04-03,Social,54.65
2024-02-11,Social,111.81
2024-09-20,Email,30.0
2025-08-12,Social,52.94
2023-08-30,Social,56.91
2024-07-14,Paid Search,675.42
2024-02-20,Paid Search,351.64
2024-05-22,Social,42.76
2023-09-27,Social,156.35
2024-05-09,Social,61.27
2024-02-09,Social,34.94
2024-07-21,Social,83.31
2024-10-11,Paid Search,631.93
2023-03-16,Paid Search,491.23
2024-01-20,Paid Search,305.96
2023-02-10,Social,55.27
2024-10-22,Paid Search,504.33
2023-06-26,Social,277.68
2024-08-20,Paid Search,551.87
2024-02-12,Paid Search,425.46
2023-07-17,Paid Search,633.78
2024-12-09,Social,84.21
2024-07-15,Social,83.05
2025-06-08,Paid Search,540.58
2024-06-02,Social,277.42
2023-09-16,Email,30.0
2024-12-26,Social,137.9
2023-09-01,Paid Search,465.6
2023-12-11,Social,103.34
2025-07-08,Paid Search,566.75
2023-12-10,Social,65.79
2024-08-11,Paid Search,513.85
2024-07-12,Email,30.0
2024-05-08,Email,30.0
2024-07-14,Social,55.4
2024-07-22,Social,76.77
2025-04-09,Paid Search,548.2
2024-03-08,Paid Search,538.03
2023-01-18,Social,37.77
2023-11-20,Paid Search,1078.01
2024-06-23,Paid Search,543.06
2023-02-23,Social,49.34
2025-08-15,Paid Search,515.19
2023-04-30,Social,44.58
2025-05-06,Social,54.71
2024-09-26,Social,54.67
2023-11-26,Social,136.7
2024-02-01,Social,43.09
2025-08-13,Paid Search,510.72
2024-09-28,Paid Search,443.45
2024-04-25,Paid Search,620.87
2024-11-20,Social,146.17
2025-08-09,Social,50.44
2025-08-05,Social,35.76
2025-02-04,Email,30.0
2023-08-28,Paid Search,548.12
2024-02-15,Social,37.1
2025-04-15,Social,63.02
2025-11-16,Email,30.0
2023-01-30,Paid Search,351.93
2025-03-31,Social,55.24
2023-06-08,Email,30.0
2025-03-10,Social,45.6
2025-11-24,Email,30.0
2023-12-27,Social,99.34
2023-03-04,Email,30.0
2025-01-21,Paid Search,327.69
2024-08-17,Paid Search,485.0
2024-01-04,Email,30.0
2023-07-31,Social,41.63
2024-10-03,Paid Search,678.07
2024-03-13,Paid Search,578.49
2025-10-04,Paid Search,560.44
2025-12-17,Paid Search,1205.95
2025-04-22,Social,80.88
2023-04-26,Social,40.43
2023-08-05,Paid Search,556.0
2025-02-09,Paid Search,421.93
2024-10-03,Social,50.14
2024-03-07,Paid Search,544.14
2025-12-10,Social,132.17
2023-12-16,PaidSearch,995.0
2024-02-02,Social,36.88
2024-12-15,Paid Search,1132.72
2023-11-19,Paid Search,1270.4
2025-06-13,Social,61.91
2024-07-24,Paid Search,717.61
2023-03-03,Social,59.9
2025-03-19,Social,47.19
2025-06-30,Paid Search,601.58
2023-05-01,Paid Search,566.28
2023-08-21,Paid Search,532.41
2024-07-09,Social,58.3
2023-05-29,Paid Search,449.33
2023-12-07,Paid Search,1124.31
2024-10-16,Social,70.14
2025-08-10,Social,63.1
2024-12-06,Social,83.6
2025-08-21,Social,32.77
2024-10-13,Social,285.97
2024-04-22,Paid Search,620.46
2025-07-25,Social,69.29
2023-05-26,Social,36.47
2024-01-11,Paid Search,314.57
2025-08-28,Social,44.45
2023-07-07,Paid Search,819.09
2023-10-30,Paid Search,537.75
2023-05-21,PaidSearch,655.96
2024-04-11,Social,48.7
2023-12-23,Social,103.87
2024-09-29,Paid Search,631.08
2024-07-03,Paid Search,756.47
2025-08-23,Social,103.01
2025-05-08,Social,326.33
2025-08-01,Social,43.19
2025-01-01,Paid Search,305.16
2025-03-08,Paid Search,419.59
2023-11-22,Paid Search,990.88
2024-07-30,Social,64.38
2025-10-23,Paid Search,606.41
2025-05-12,Email,30.0
2024-03-26,Social,48.93
2024-04-17,Paid Search,560.56
2025-02-27,Paid Search,403.57
2025-07-16,PaidSearch,571.2
2024-01-15,Paid Search,316.2
2023-03-21,Paid Search,492.47
2023-12-28,Email,30.0
2023-03-01,Paid Search,565.1
2025-06-10,Paid Search,539.04
2025-02-14,Paid Search,403.46
2023-06-07,Paid Search,426.89
2024-06-08,Social,67.52
2025-03-13,Social,50.56
2025-04-21,Social,58.42
2024-10-04,Social,54.69
2023-07-27,Paid Search,744.7
2025-01-29,Paid Search,320.11
2024-06-19,Social,71.92
2023-06-30,Social,71.9
2023-11-18,Paid Search,1332.62
2023-03-12,Email,30.0
2024-03-15,Paid Search,469.97
2023-04-16,Paid Search,569.95
2024-05-13,Social,81.5
2024-08-26,Social,61.68
2023-07-04,Social,77.49
2023-07-03,Paid Search,613.39
2024-01-25,Paid Search,380.73
2024-04-19,Paid Search,507.69
2024-07-28,Email,30.0
2023-03-12,Social,62.94
2024-11-12,Paid Search,1216.86
2023-06-24,Paid Search,576.23
2024-05-02,Social,36.41
2025-05-13,Paid Search,527.56
2024-11-18,Social,120.74
2024-03-10,Social,54.4
2024-03-29,Social,56.82
2024-12-15,Social,106.91
2023-06-25,Social,49.64
2023-08-17,Social,45.96
2023-01-17,Social,38.55
2025-07-04,Social,48.55
2024-11-01,Social,88.77
2023-03-14,Paid Search,455.9
2024-12-20,Paid Search,1133.3
2024-05-16,Email,30.0
2025-04-16,Email,30.0
2023-02-06,Social,25.28
2024-11-02,Social,108.86
2023-12-20,Email,30.0
2024-10-24,Social,56.09
2025-09-30,Social,60.28
2023-02-16,Paid Search,405.92
2023-02-12,Email,30.0
2025-03-16,Email,30.0
2023-01-21,Social,25.95
2024-01-15,Social,35.01
2023-11-16,Social,142.41
2024-03-28,Email,30.0
2024-02-24,Email,30.0
2024-11-19,Paid Search,1245.78
2023-10-23,Social,65.97
2023-02-04,Paid Search,370.8
2024-01-23,Social,28.86
2024-07-10,Paid Search,723.9
2025-08-02,Social,60.5
2023-11-10,Social,138.53
2025-02-20,Social,46.21
2025-09-09,Social,48.54
2023-04-23,Social,54.63
2023-05-09,Social,49.36
2023-05-30,Social,35.7
2023-10-15,Paid Search,548.44
2025-11-15,Social,381.11
2023-05-05,Social,327.65
2024-12-04,Social,451.35
2024-09-23,Social,45.79
2025-09-17,Social,29.37
2024-05-11,Paid Search,450.47
2024-05-11,Social,37.7
2024-08-23,Paid Search,652.58
2025-12-04,Email,30.0
2025-02-05,Social,51.56
2023-10-25,Paid Search,664.06
2025-01-20,Email,30.0
2024-02-26,Paid Search,366.25
2025-04-04,Social,53.76
2023-03-29,Paid Search,416.47
2023-04-02,Paid Search,523.54
2024-10-06,Social,87.46
2025-01-16,Email,30.0
2023-06-23,Social,71.52
2024-03-10,Paid Search,472.69
2023-07-09,Social,54.34
2025-09-28,Social,43.56
2025-06-17,Paid Search,664.41
2023-02-06,Paid Search,408.77
2023-12-08,Email,30.0
2023-07-28,Social,60.44
2023-07-09,Paid Search,529.8
2025-01-21,Social,37.5
2024-06-22,Social,62.44
2025-01-15,Social,30.39
2025-03-24,Social,53.56
2024-05-30,Social,55.5
2024-05-22,Paid Search,523.11
2024-05-29,Paid Search,569.74
2023-01-08,Social,97.85
2024-04-27,Paid Search,536.2
2023-05-21,Social,57.3
2025-04-29,Paid Search,545.44
2025-10-08,Email,30.0
2023-11-12,Paid Search,1031.1
2025-11-25,Paid Search,1245.23
2023-08-14,Social,68.5
2024-12-31,Social,129.84
2023-05-04,Paid Search,461.91
2023-05-24,Email,30.0
2023-08-16,Email,30.0
2023-03-31,Social,175.88
2025-09-06,Paid Search,448.48
2023-08-11,Social,25.18
2023-06-16,Email,30.0
2023-06-16,Paid Search,509.61
2023-03-30,Paid Search,456.96
2024-03-03,Paid Search,509.81
2023-03-24,Paid Search,460.7
2023-02-18,Social,30.89
2023-11-03,Social,145.06
2024-05-15,Paid Search,524.07
2024-10-28,Social,51.05
2023-12-17,Paid Search,1051.6
2025-10-18,Paid Search,525.21
2025-07-05,Social,91.21
2025-08-22,Paid Search,598.63
2023-09-05,Paid Search,422.4
2023-11-30,Social,156.6
2023-04-12,Social,59.73
2023-05-04,Email,30.0
2025-07-17,Social,52.31
2025-02-18,Paid Search,402.13
2024-04-17,Social,72.22
2024-12-01,Social,94.29
2025-07-24,Paid Search,532.39
2024-03-06,Paid Search,584.18
2023-09-28,Email,30.0
2025-03-29,Paid Search,573.82
2024-04-21,Paid Search,530.39
2024-05-21,Social,55.84
2024-11-17,Paid Search,1295.24
2023-10-11,Paid Search,550.44
2023-08-20,Social,54.77
2023-03-11,Social,93.08
2025-07-20,Email,30.0
2024-12-27,Paid Search,1323.05
2023-08-06,Social,47.65
2025-03-03,Paid Search,450.05
2024-07-22,Paid Search,668.48
2024-06-26,Social,58.09
2025-08-05,Paid Search,501.04
2024-08-25,Paid Search,579.06
2023-08-27,Social,56.04
2024-04-16,Email,30.0
2024-03-31,Paid Search,491.4
2023-04-28,Paid Search,658.21
2023-02-12,Social,36.76
2025-09-10,Paid Search,443.71
2025-12-14,Paid Search,968.24
2025-11-26,Social,106.94
2024-03-20,Social,50.39
2023-09-06,Social,54.55
2025-06-16,Social,56.96
2025-10-22,Paid Search,736.57
2024-09-17,Social,54.59
2025-05-20,Social,51.11
2025-11-05,Paid Search,1216.12
2025-01-28,Paid Search,295.01
2023-08-05,Social,73.6
2023-03-07,Social,53.52
2025-03-08,Social,39.46
2025-02-22,Social,43.17
2024-11-09,Paid Search,1573.29
2025-07-18,Paid Search,552.85
2023-07-19,Paid Search,573.35
2024-01-24,Social,49.26
2025-06-12,Paid Search,604.03
2025-06-23,Paid Search,585.91
2025-08-23,Paid Search,686.13
2025-07-15,Social,75.9
2025-01-09,Social,33.05
2024-01-29,Social,39.81
2023-12-15,Paid Search,1128.77
2023-01-22,Social,39.17
2023-11-21,Social,493.66
2023-01-14,Paid Search,370.07
2025-07-30,Social,74.91
2024-07-23,Social,62.27
2023-11-29,Social,130.62
2023-09-28,Social,63.27
2024-12-16,Social,421.78
2024-06-20,Email,30.0
2024-07-08,Social,64.49
2025-03-04,Social,41.48
2023-02-27,PaidSearch,365.95
2025-03-04,Email,30.0
2023-06-10,Paid Search,564.03
2024-03-23,Paid Search,511.08
2023-06-26,Paid Search,587.75
2023-07-22,Social,38.64
2023-04-14,Paid Search,533.01
2025-07-14,Social,60.1
2024-05-18,Social,55.16
2024-07-04,Paid Search,698.88
2023-01-25,Paid Search,376.03
2025-01-20,Social,24.52
2025-12-25,Social,119.53
2024-05-08,Social,176.99
2025-11-12,Email,30.0
2025-12-27,Social,599.61
2024-09-12,Paid Search,513.28
2023-07-11,Social,35.46
2023-12-08,Paid Search,1451.02
2023-01-04,Paid Search,360.44
2025-01-28,Social,35.43
2023-06-13,Paid Search,652.64
2024-06-24,PaidSearch,563.16
2024-11-20,Email,30.0
2025-10-20,Email,30.0
2025-07-22,Social,103.02
2024-09-10,Social,70.32
2023-01-28,Social,129.97
2023-04-03,Paid Search,544.11
2025-05-01,Paid Search,496.93
2024-10-28,Paid Search,568.23
2023-07-05,Paid Search,608.03
2023-06-30,Paid Search,613.42
2023-05-29,Social,46.67
2023-01-17,Paid Search,330.11
2023-03-06,Social,52.84
2025-03-07,Social,34.35
2025-06-28,Email,30.0
2025-04-10,Social,49.51
2023-03-09,PaidSearch,556.63
2025-09-26,Paid Search,445.23
2025-12-04,Social,84.14
2023-04-20,Email,30.0
2025-08-14,Social,202.22
2024-12-16,Paid Search,1162.72
2025-02-26,Social,42.29
2023-01-20,Social,162.14
2024-03-21,Social,45.39
2025-03-17,Social,62.84
2024-01-05,Paid Search,303.36
2025-05-21,Paid Search,514.63
2023-05-20,Paid Search,535.61
2025-11-10,Social,104.21
2024-01-02,Paid Search,388.69
2024-09-20,Social,41.79
2025-01-24,Social,44.68
2023-12-04,Email,30.0
2024-09-27,Social,40.47
2024-06-11,Social,67.72
2023-06-15,Paid Search,599.54
2025-10-02,Paid Search,611.99
2023-11-13,Social,118.43
2024-03-18,Paid Search,449.77
2025-09-12,Social,55.96
2024-11-26,Paid Search,1069.53
2025-01-17,Paid Search,407.06
2023-08-30,Paid Search,595.93
2024-02-13,Paid Search,390.04
2024-04-16,Social,79.32
2024-09-08,Paid Search,560.19
2023-11-09,Paid Search,1162.1
2023-02-05,Social,43.07
2024-12-13,Paid Search,1197.27
2023-06-20,Paid Search,614.68
2023-11-05,Social,124.3
2024-09-16,Email,30.0
2025-06-12,Social,54.89
2025-01-18,Paid Search,408.72
2023-01-23,Social,37.26
2023-09-08,Email,30.0
2025-09-09,Paid Search,428.84
2025-08-18,Social,37.51
2023-04-17,Social,57.88
2023-06-20,Email,30.0
2024-11-11,Paid Search,1139.36
2023-11-30,Paid Search,1414.04
2025-12-23,Social,136.43
2024-05-13,Paid Search,634.99
2024-05-04,Paid Search,488.66
2025-08-29,Social,324.18
2024-08-07,Social,56.66
2024-09-01,Social,57.27
2025-01-05,Paid Search,393.73
2025-09-22,Paid Search,449.22
2025-02-16,Social,36.88
2023-03-08,Email,30.0
2024-12-22,Paid Search,1322.26
2025-08-04,Paid Search,666.69
2023-07-19,Social,63.06
2024-08-15,Paid Search,515.4
2024-07-18,Paid Search,659.08
2024-02-24,Paid Search,402.07
2023-12-06,Social,113.56
2023-03-17,Social,43.49
2025-04-03,Paid Search,567.38
2025-04-28,Paid Search,698.27
2024-01-19,Social,18.24
2024-01-20,Email,30.0
2025-09-22,Social,184.18
2024-10-10,Social,68.54
2023-12-18,Social,97.71
2025-07-25,PaidSearch,690.01
2024-01-23,Paid Search,400.29
2023-03-16,Social,48.39
2025-01-08,Social,30.44
2024-07-28,Social,56.74
2024-06-21,Social,49.83
2023-01-31,Social,30.38
2023-10-09,Paid Search,628.13
2024-08-22,Paid Search,533.45
2024-07-07,Social,70.7
2025-07-21,Paid Search,625.89
2025-09-28,Email,30.0
2023-04-03,Social,56.88
2024-11-04,Email,30.0
2024-09-19,Social,51.2
2024-04-14,Paid Search,622.37
2024-11-29,Social,156.49
2024-01-21,Social,55.89
2025-05-31,Paid Search,441.93
2025-04-14,Social,41.64
2024-10-07,Paid Search,516.29
2023-10-11,Social,50.5
2023-01-28,Email,30.0
2023-08-17,Paid Search,499.99
2024-02-22,Paid Search,390.14
2025-01-26,Paid Search,331.0
2024-12-22,Social,97.66
2025-04-12,Social,61.92
2023-09-14,Social,214.0
2024-12-12,Email,30.0
2024-06-30,Social,72.73
2024-03-29,Paid Search,508.78
2025-09-13,Social,46.5
2024-07-31,Paid Search,626.69
2024-04-30,Social,48.77
2025-04-05,Paid Search,582.88
2023-05-06,Social,47.86
2024-06-14,Social,58.24
2024-10-19,Paid Search,437.47
2025-04-05,Social,76.11
2024-01-22,Social,19.22
2023-01-02,Social,153.77
2023-06-27,Paid Search,498.66
2024-10-29,Paid Search,567.9
2024-03-28,Social,33.29
2023-03-23,Paid Search,510.68
2025-04-11,Paid Search,589.86
2025-07-01,Paid Search,638.97
2023-12-13,Paid Search,1183.57
2023-06-28,Social,46.44
2023-10-31,Social,76.18
2024-08-18,Social,39.92
2025-10-25,Social,58.22
2023-11-03,PaidSearch,1205.78
2024-09-07,Paid Search,477.01
2024-06-20,Paid Search,611.57
2025-05-25,Social,52.07
2025-12-29,Social,467.17
2023-03-31,Paid Search,419.07
2023-02-16,Email,30.0
2023-09-12,Social,77.24
2024-12-19,Social,88.92
2023-09-02,PaidSearch,476.11
2023-03-22,Social,50.69
2024-09-13,Paid Search,439.48
2024-10-26,Paid Search,695.11
2023-01-19,Social,32.13
2023-02-03,Social,35.78
2024-11-08,Paid Search,1155.18
2023-09-13,Paid Search,464.03
2025-02-03,PaidSearch,387.11
2023-10-04,Email,30.0
2023-10-03,Social,61.53
2025-01-11,Social,43.45
2023-08-04,Email,30.0
2025-04-13,Paid Search,584.93
2023-02-14,PaidSearch,365.97
2024-09-30,Paid Search,398.82
2025-04-04,Paid Search,471.78
2024-03-01,Social,54.7
2024-07-20,Paid Search,689.54
2023-06-08,Paid Search,690.0
2024-03-27,Social,25.92
2023-04-25,Paid Search,549.19
2024-07-15,Paid Search,631.52
2023-05-15,Paid Search,501.44
2024-11-28,Social,99.43
2024-01-04,Paid Search,368.57
2023-10-28,Social,62.57
2023-05-31,Paid Search,520.59
2025-06-19,Social,87.4
2024-09-12,Social,57.16
2024-10-11,Social,59.21
2024-12-24,Social,113.38
2025-05-24,Email,30.0
2023-10-12,Social,72.14
2025-11-14,Social,111.95
2024-10-25,Social,72.03
2025-05-18,Social,41.21
2024-03-28,Paid Search,481.95
2025-03-15,Social,53.42
2024-09-05,Social,30.53
2025-10-23,Social,304.59
2024-03-04,Email,30.0
2023-01-12,Social,23.66
2023-01-05,Social,23.48
2024-02-08,Social,40.49
2023-09-16,Social,45.39
2024-11-19,Social,65.73
2025-10-18,Social,60.48
2023-07-06,Paid Search,661.42
2025-01-07,Paid Search,387.53
2024-04-21,Social,57.09
2025-03-21,Paid Search,501.3
2023-12-07,Social,115.19
2023-10-21,Paid Search,756.12
2024-09-18,Social,49.61
2024-01-14,Social,42.27
2025-07-23,Paid Search,638.96
2023-12-17,Social,113.31
2024-06-25,Social,68.09
2023-05-28,Paid Search,446.85
2023-04-24,Social,54.43
2024-02-24,Social,164.84
2023-01-08,Paid Search,343.25
2025-09-17,Paid Search,403.0
2024-07-30,Paid Search,735.81
2025-09-06,Social,45.02
2025-09-15,Paid Search,553.89
2024-03-11,Social,181.7
2025-04-20,Social,60.08
2025-12-16,Email,30.0
2025-09-14,Social,37.03
2025-06-27,Paid Search,717.89
2023-10-27,Paid Search,645.53
2024-03-11,Paid Search,455.72
2024-02-07,Social,26.76
2025-05-01,Social,230.01
2025-10-01,Paid Search,486.25
2025-07-04,Email,30.0
2024-08-08,Paid Search,621.25
2025-07-08,Social,67.55
2023-01-03,Paid Search,420.82
2025-11-22,Social,100.38
2024-05-25,Social,53.98
2024-05-28,Social,48.27
2024-08-12,Social,239.97
2023-12-21,Social,113.75
2023-03-04,Social,43.5
2024-01-09,Paid Search,408.15
2024-09-09,Social,69.7
2025-07-12,Email,30.0
2023-11-28,Email,30.0
2023-04-04,Email,30.0
2024-02-15,Paid Search,351.83
2025-11-23,Paid Search,1238.7
2025-12-02,Social,109.83
2024-02-27,Social,33.74
2023-03-28,Social,42.54
2023-03-04,Paid Search,521.75
2025-03-18,Paid Search,552.07
2023-07-15,Paid Search,650.83
2024-05-24,Social,44.79
2024-02-11,Paid Search,405.91
2023-05-19,Paid Search,497.28
2023-09-19,Social,64.52
2023-02-09,Paid Search,373.44
2025-11-14,Paid Search,1334.68
2025-08-28,Email,30.0
2024-04-02,Social,43.63
2025-02-01,Social,37.98
2025-10-13,PaidSearch,662.98
2024-07-25,Paid Search,686.21
2024-12-07,Social,121.29
2024-02-21,Paid Search,377.51
2023-11-04,Email,30.0
2025-02-24,Email,30.0
2023-04-26,Paid Search,522.02
2023-05-10,Paid Search,622.03
2023-07-23,Social,73.89
2023-09-16,PaidSearch,489.39
2024-06-14,Paid Search,457.43
2023-06-03,Social,53.19
2025-04-14,Paid Search,515.5
2024-07-19,Social,67.08
2025-03-25,Paid Search,450.4
2023-11-27,Social,121.3
2024-07-26,Social,76.69
2025-12-20,Paid Search,1232.17
2023-01-12,Paid Search,325.85
2023-09-01,Social,37.09
2025-09-08,Email,30.0
2023-02-19,Paid Search,356.24
2025-03-14,Paid Search,460.71
2025-05-02,Paid Search,368.27
2025-06-15,Paid Search,665.17
2025-03-22,Paid Search,496.82
2025-05-04,Paid Search,459.52
2024-07-20,Social,73.13
2023-12-25,Social,83.3
2023-01-18,Paid Search,325.13
2023-01-26,Paid Search,380.42
2023-02-01,Paid Search,379.31
2023-11-16,Paid Search,1344.33
2024-09-18,Paid Search,399.07
2023-04-29,Social,54.69
2025-10-29,Paid Search,681.83
2023-04-19,Paid Search,464.64
2025-02-10,Social,45.53
2025-12-05,Paid Search,1244.95
2024-08-01,Social,46.88
2023-02-08,Social,38.96
2023-07-03,Social,236.69
2024-12-12,Paid Search,1144.47
2025-03-20,Social,46.37
2023-03-02,Paid Search,508.51
2024-01-19,Paid Search,304.48
2025-09-03,Social,67.95
2025-12-11,Social,123.91
2023-11-01,Paid Search,1382.22
2023-08-03,Paid Search,495.46
2023-04-16,Social,51.7
2024-01-18,Social,41.1
2024-03-15,Social,46.66
2023-12-04,Paid Search,1238.13
2023-04-24,Paid Search,497.66
2023-07-25,Social,75.4
2024-12-30,Paid Search,1047.69
2023-08-02,Social,63.86
2025-02-19,Social,47.01
2025-12-30,Social,237.46
2025-03-22,Social,45.5
2023-04-05,Social,363.63
2023-07-29,Social,78.23
2023-11-28,Social,109.93
2023-10-12,Email,30.0
2023-08-21,Social,67.29
2024-04-04,Email,30.0
2025-06-27,Social,345.18
2025-12-22,Paid Search,1318.91
2025-01-09,Paid Search,384.19
2023-05-18,Paid Search,409.73
2023-10-13,Paid Search,542.21
2025-02-05,Paid Search,394.0
2023-12-13,Social,150.35
2024-08-16,Social,50.34
2025-11-09,Paid Search,1193.22
2024-11-20,Paid Search,1320.94
2024-04-09,Paid Search,665.25
2023-10-15,Social,276.76
2025-10-15,Paid Search,673.93
2025-05-10,Social,51.31
2025-08-19,Paid Search,496.16
2025-03-20,Paid Search,524.82
2024-08-06,Paid Search,523.28
2023-04-06,Social,49.47
2024-05-12,Paid Search,610.2
2025-04-17,Social,55.05
2024-12-20,Social,118.38
2025-09-08,Social,37.79
2025-06-11,Paid Search,572.39
2025-05-04,Social,37.25
2025-12-10,Paid Search,1294.24
2024-01-31,Social,36.57
2024-03-05,Paid Search,496.41
2024-08-04,Email,30.0
2025-09-01,Paid Search,488.69
2023-08-22,Social,65.31
2025-11-09,Social,118.96
2025-05-08,Email,30.0
2023-02-23,Paid Search,405.49
2023-06-12,Email,30.0
2025-09-16,Social,49.69
2024-11-01,PaidSearch,1009.05
2023-10-10,Social,53.86
2023-09-03,Paid Search,530.33
2024-02-05,Paid Search,396.31
2025-03-27,Paid Search,444.9
2025-10-03,Paid Search,588.74
2024-09-14,Social,43.13
2024-06-09,Social,73.71
2024-12-08,Email,30.0
2025-12-21,Social,382.91
2024-08-26,Paid Search,584.75
2023-08-25,Social,45.39
2023-02-11,Social,197.84
2024-04-08,Paid Search,520.26
2024-10-26,Social,71.85
2023-09-18,Paid Search,474.91
2023-06-19,Paid Search,549.49
2023-03-27,Social,40.84
2025-08-08,Email,30.0
2023-08-23,PaidSearch,475.26
2024-10-20,Paid Search,587.24
2023-07-18,Paid Search,699.14
2023-10-17,Social,86.94
2024-01-01,Social,20.84
2023-06-09,Social,75.72
2023-10-05,Paid Search,517.52
2023-09-11,Paid Search,519.62
2025-04-08,Paid Search,542.11
2023-02-07,Social,59.55
2024-04-12,Social,66.28
2025-09-20,Paid Search,516.72
2024-08-09,Social,84.82
2024-04-26,Social,166.53
2023-02-24,Email,30.0
2023-03-22,Paid Search,457.73
2023-08-23,Social,35.21
2024-12-27,Social,127.23
2023-05-05,Paid Search,600.02
2025-11-30,Paid Search,1487.8
2024-08-10,Social,40.15
2023-04-17,Paid Search,564.13
2025-10-28,Paid Search,598.17
2023-12-18,Paid Search,1097.62
2025-03-28,Paid Search,456.87
2025-06-05,Social,46.68
2025-03-29,Social,47.21
2023-09-08,Paid Search,423.17
2023-09-24,Email,30.0
2024-09-28,Email,30.0
2025-10-22,Social,78.75
2025-05-15,Paid Search,375.9
2024-08-30,Social,48.22
2024-08-30,PaidSearch,548.0
2023-02-08,Email,30.0
2023-12-01,Paid Search,1070.77
2024-03-22,Paid Search,484.69
2025-12-12,Social,108.66
2025-05-26,Paid Search,466.39
2023-05-07,Paid Search,584.86
2025-05-08,Paid Search,595.95
2024-11-28,Email,30.0
2025-03-31,Paid Search,522.51
2025-10-07,Social,49.16
2023-09-07,Paid Search,448.1
2025-11-01,Paid Search,1211.43
2024-06-05,Social,61.63
2023-10-05,Social,46.12
2024-11-25,Social,95.18
2025-08-07,Social,44.96
2023-01-31,Paid Search,370.51
2024-03-07,Social,53.12
2023-11-21,Paid Search,1310.86
2023-05-15,Social,182.09
2024-05-28,Paid Search,355.9
2024-08-27,Paid Search,667.31
2025-10-08,Social,58.94
2025-05-17,Paid Search,514.12
2023-02-10,Paid Search,412.01
2024-08-19,Social,35.47
2023-12-30,Paid Search,1074.54
2024-07-17,Paid Search,651.75
2024-05-05,Social,54.48
2025-08-20,Paid Search,557.23
2024-06-03,Paid Search,592.99
2024-01-21,Paid Search,372.08
2023-08-07,Paid Search,693.58
2024-06-13,Paid Search,554.06
2025-03-18,Social,55.36
2025-01-24,Email,30.0
2025-08-09,Paid Search,596.36
2025-03-12,Email,30.0
2025-08-19,Social,51.77
2024-08-01,Paid Search,545.99
2023-09-09,Paid Search,526.45
2024-05-31,Social,52.75
2024-01-04,Social,174.57
2025-03-28,Social,157.11
2023-07-02,Social,73.85
2024-02-13,Social,39.6
2024-08-19,Paid Search,605.59
2023-05-16,Paid Search,502.79
2024-04-24,Social,73.22
2024-01-24,Email,30.0
2023-10-26,PaidSearch,705.08
2025-12-07,Social,171.93
2024-04-25,Social,60.77
2023-10-16,Paid Search,552.31
2024-01-08,Social,45.16
2023-03-20,Email,30.0
2025-08-16,Social,44.56
2025-01-19,Paid Search,300.57
2023-12-19,Social,121.65
2023-12-29,Social,115.05
2023-07-21,Paid Search,753.37
2024-06-01,Social,196.23
2023-06-01,Paid Search,613.53
2023-02-11,Paid Search,354.02
2025-07-09,Paid Search,663.13
2025-11-21,Paid Search,1010.92
2023-11-23,Social,121.73
2025-07-11,Social,58.09
2025-12-13,Social,121.25
2023-08-26,Social,58.82
2025-02-19,Paid Search,436.96
2024-03-22,Social,49.6
2024-11-14,Social,419.7
2025-10-11,Social,64.55
2025-04-30,Paid Search,419.27
2024-07-04,Email,30.0
2025-01-16,Paid Search,347.28
2023-02-17,Social,46.9
2025-09-03,Paid Search,607.43
2024-04-01,Social,50.74
2023-02-28,Email,30.0
2025-05-10,Paid Search,528.7
2025-01-12,Email,30.0
2025-08-12,Email,30.0
2025-05-18,Paid Search,464.46
2025-01-06,Paid Search,339.03
2025-09-10,Social,48.35
2024-09-22,Paid Search,527.48
2023-08-11,Paid Search,576.28
2025-06-14,Social,42.89
2025-11-03,Paid Search,1196.34
2024-11-30,Paid Search,1029.32
2023-03-09,Social,255.73
2025-09-18,Social,244.82
2023-11-08,Social,87.72
2023-10-24,Paid Search,670.66
2024-09-04,Paid Search,445.22
2025-09-21,Paid Search,544.37
2023-03-16,Email,30.0
2025-02-01,Paid Search,425.91
2023-06-14,Social,78.88
2024-01-02,Social,45.83
2023-02-22,Paid Search,485.88
2024-11-12,Email,30.0
2024-09-02,Paid Search,541.65
2024-01-10,Social,49.4
2025-02-16,Paid Search,367.0
2025-04-24,Email,30.0
2025-02-09,Social,40.5
2025-07-27,Social,84.33
2025-12-03,Social,144.01
2024-01-05,Social,43.3
2024-12-25,Social,88.7
2023-11-23,Paid Search,1092.01
2023-10-22,Paid Search,600.43
2023-09-30,Social,52.18
2024-05-27,Social,40.27
2025-11-22,Paid Search,1212.18
2023-06-04,Paid Search,563.99
2025-07-05,Paid Search,668.21
2023-01-19,Paid Search,404.06
2025-03-28,Email,30.0
2025-05-24,Social,54.55
2025-11-02,Paid Search,1184.2
2023-03-20,Social,36.13
2023-02-15,Paid Search,443.9
2023-08-29,Paid Search,518.45
2024-10-04,Paid Search,441.77
2023-11-17,Paid Search,1418.75
2024-03-20,Email,30.0
2024-03-17,Social,31.72
2025-02-28,Social,41.37
2025-12-27,Paid Search,1125.3
2024-07-09,Paid Search,616.11
2024-08-03,Social,55.19
2025-07-17,Paid Search,607.45
2024-07-02,Paid Search,593.39
2023-02-20,Email,30.0
2024-08-12,Email,30.0
2023-10-14,Paid Search,584.81
2025-06-02,Social,85.29
2023-08-12,Paid Search,648.04
2023-03-25,Paid Search,487.45
2025-01-04,Paid Search,350.93
2023-10-26,Social,264.04
2025-05-14,Social,232.94
2025-08-12,Paid Search,506.05
2023-09-05,Social,43.83
2025-11-16,Paid Search,1330.23
2023-01-25,Social,16.6
2024-06-28,Social,52.38
2023-02-03,Paid Search,362.97
2024-10-23,Social,71.86
2025-02-03,Social,33.64
2025-04-26,Social,41.32
2025-04-01,Social,56.75
2024-12-13,Social,83.58
2023-10-28,Paid Search,609.89
2025-09-07,Paid Search,537.0
2025-10-16,Social,56.38
2024-12-06,PaidSearch,1031.62
2025-11-23,Social,153.18
2024-05-20,Paid Search,531.29
2025-04-06,Paid Search,492.88
2024-06-23,Social,68.23
2025-11-10,Paid Search,1110.86
2025-02-14,Social,157.48
2025-05-28,Social,60.73
2025-12-15,Paid Search,970.84
2025-04-30,Social,63.59
2025-06-16,Email,30.0
2023-01-15,Paid Search,340.74
2024-08-22,Social,50.84
2023-08-19,Social,166.21
2023-09-19,Paid Search,545.38
2023-11-02,Paid Search,1323.93
2023-03-17,Paid Search,556.23
2025-09-01,Social,49.93
2023-07-04,Email,30.0
2023-09-17,Paid Search,485.81
2025-02-11,Paid Search,420.18
2024-06-12,Paid Search,647.41
2024-08-31,Social,174.92
2023-12-28,Paid Search,1353.81
2023-09-26,Paid Search,470.88
2025-03-21,Social,52.57
2025-05-06,Paid Search,536.55
2025-01-20,PaidSearch,371.64
2023-03-24,Social,64.44
2024-07-11,Paid Search,613.89
2023-11-12,Social,96.18
2023-09-12,Paid Search,624.99
2025-07-16,Social,48.11
2025-06-05,Paid Search,627.19
2024-03-12,Email,30.0
2024-10-27,Social,54.71
2023-12-22,Social,120.36
2023-01-12,Email,30.0
2024-04-23,Social,51.39
2025-11-08,Paid Search,1077.99
2023-07-26,Paid Search,688.89
2024-10-04,Email,30.0
2025-05-27,Paid Search,528.32
2024-08-07,Paid Search,466.98
2024-05-17,Paid Search,560.37
2025-06-21,Paid Search,609.42
2025-07-14,Paid Search,623.39
2025-12-11,Paid Search,949.36
2025-11-12,Social,153.09
2024-04-29,Social,62.69
2023-08-13,Paid Search,521.29
2023-12-03,Social,153.57
2023-07-16,Paid Search,673.84
2025-12-26,Social,126.6
2024-09-03,Social,55.15
2025-06-18,Social,65.98
2023-12-25,Paid Search,1179.73
2024-06-10,Paid Search,533.4
2023-10-20,Paid Search,575.31
2025-05-23,Paid Search,592.97
2024-05-10,Paid Search,507.86
2025-01-06,Social,25.43
2023-07-14,Paid Search,769.6
2025-06-16,Paid Search,584.2
2023-01-01,Social,41.5
2023-10-23,Paid Search,731.56
2025-12-31,Paid Search,1244.49
2025-01-10,Paid Search,326.53
2024-04-11,Paid Search,595.79
2023-09-22,Paid Search,480.79
2025-05-11,Social,49.1
2023-07-22,Paid Search,562.38
2024-03-26,Paid Search,401.72
2025-08-24,Paid Search,541.86
2024-06-15,Social,52.21
2023-02-18,Paid Search,426.44
2025-03-20,Email,30.0
2025-10-19,Paid Search,705.94
2024-09-26,Paid Search,568.98
2023-08-28,Social,55.19
2025-01-25,Social,41.68
2025-05-13,Social,45.14
2023-09-20,Social,53.41
2023-01-29,Social,38.06
2024-03-18,Social,34.34
2025-01-25,Paid Search,356.9
2025-11-19,Paid Search,1250.05
2025-11-18,Paid Search,1101.31
2023-01-28,Paid Search,389.29
2023-08-09,Paid Search,504.27
2023-12-20,Social,45.58
2023-04-08,Email,30.0
2025-11-03,Social,92.08
2025-03-23,Social,45.03
2023-05-24,Social,24.4
2023-11-15,Paid Search,1308.99
2025-02-07,Social,53.81
2024-01-18,Paid Search,289.19
2025-11-05,Social,615.24
2024-02-07,Paid Search,359.59
2025-08-15,Social,50.8
2025-01-22,Social,18.26
2023-09-12,Email,30.0
2025-01-14,Paid Search,293.59
2024-12-28,PaidSearch,1051.11
2024-05-23,Paid Search,507.6
2025-12-09,Social,543.21
2024-03-17,Paid Search,526.02
2023-07-30,Social,52.29
2023-06-28,Paid Search,562.22
2024-08-13,Social,48.36
2025-11-16,Social,56.73
2023-02-24,Social,53.23
2023-06-29,Social,51.04
2023-02-20,Paid Search,417.12
2025-07-27,Paid Search,800.43
2023-10-01,Paid Search,646.76
2023-09-06,Paid Search,506.8
2023-07-10,Paid Search,705.78
2025-06-28,Paid Search,655.23
2025-10-24,Social,47.25
2023-02-26,Paid Search,375.48
2024-07-08,Paid Search,496.52
2023-07-25,Paid Search,662.0
2024-11-29,Paid Search,1374.66
2024-03-19,Paid Search,570.56
2023-05-08,Email,30.0
2023-09-15,Paid Search,486.8
2025-03-01,Social,50.8
2025-04-20,Email,30.0
2024-03-16,Paid Search,516.15
2023-02-07,Paid Search,400.14
2024-12-12,Social,103.14
2024-09-23,Paid Search,492.33
2023-08-28,Email,30.0
2025-12-05,Social,129.88
2023-04-18,Social,82.66
2024-05-03,Paid Search,484.83
2024-01-12,Social,37.01
2024-10-05,Paid Search,673.39
2023-08-27,Paid Search,578.16
2025-01-27,Paid Search,321.7
2024-07-01,Social,80.89
2023-11-06,Social,128.01
2024-10-16,Paid Search,651.63
2025-03-09,Paid Search,459.89
2024-10-14,Paid Search,545.89
2025-05-25,Paid Search,489.01
2023-08-01,Paid Search,597.46
2024-02-16,Paid Search,482.97
2023-06-12,Social,75.06
2024-01-31,PaidSearch,364.12
2023-01-24,Paid Search,333.34
2023-08-10,Paid Search,501.57
2024-05-04,Social,56.59
2023-03-28,Paid Search,542.42
2024-11-16,Email,30.0
2023-07-30,Paid Search,581.29
2025-10-16,Paid Search,575.46
2024-08-14,Social,41.27
2025-07-09,Social,81.46
2023-04-21,Social,55.77
2023-02-01,Social,27.36
2024-01-06,Paid Search,347.06
2024-01-24,Paid Search,432.85
2023-12-08,Social,145.22
2023-08-12,Social,35.71
2025-06-28,Social,61.44
2025-07-24,Social,44.55
2023-10-22,Social,64.85
2025-04-12,Email,30.0
2024-03-13,Social,60.12
2023-07-10,Social,69.38
2023-03-26,Paid Search,637.4
2023-05-12,Email,30.0
2025-12-19,Paid Search,922.65
2023-04-13,Paid Search,601.92
2023-02-20,Social,35.43
2025-02-16,Email,30.0
2023-11-08,Paid Search,996.6
2024-04-12,Paid Search,613.87
2024-10-18,Paid Search,621.66
2023-01-06,Social,35.11
2025-01-26,Social,35.55
2025-08-26,Paid Search,484.06
2023-07-31,Paid Search,590.76
2024-01-27,Social,32.83
2024-12-28,Social,135.19
2023-12-26,Paid Search,1131.92
2024-10-28,Email,30.0
2023-05-23,Paid Search,467.25
2025-02-21,Paid Search,364.42
2023-04-12,Email,30.0
2025-05-04,Email,30.0
2024-05-20,Email,30.0
2023-02-17,Paid Search,415.93
2023-05-08,Paid Search,420.12
2023-03-13,Social,61.34
2025-10-26,Social,69.25
2023-01-27,PaidSearch,318.11
2025-10-27,Paid Search,509.57
2025-10-06,Paid Search,610.97
2023-02-25,Social,57.45
2025-10-31,Social,238.79
2025-01-23,Social,38.58
2025-10-16,Email,30.0
2023-08-18,Social,57.64
2023-02-13,Paid Search,350.41
2024-02-06,Paid Search,422.76
2024-03-06,Social,51.88
2023-05-27,Paid Search,413.68
2023-08-26,Paid Search,529.84
2025-01-02,PaidSearch,365.26
2024-01-29,Paid Search,314.18
2023-04-23,Paid Search,496.49
2024-10-10,Paid Search,625.52
2023-03-12,Paid Search,558.55
2025-04-03,Social,79.31
2023-10-29,Social,68.3
2025-10-21,Social,52.24
2024-01-08,Email,30.0
2024-09-04,Social,43.99
2023-10-02,Paid Search,724.55
2025-09-21,Social,35.9
2025-09-27,Paid Search,387.2
2023-11-14,Social,166.77
2025-02-15,Social,40.27
2024-06-16,Email,30.0
2025-01-05,Social,39.26
2024-01-03,Paid Search,274.59
2024-11-26,Social,106.5
2023-07-20,Social,82.08
2025-06-04,Email,30.0
2025-04-28,Social,49.52
2025-08-13,Social,43.85
2023-09-23,Social,62.8
2024-09-25,Social,45.28
2025-10-12,Paid Search,504.65
2025-03-30,Social,56.03
2025-01-30,Social,35.88
2024-06-02,Paid Search,597.18
2023-02-28,Paid Search,428.07
2023-08-14,Paid Search,479.05
2025-10-17,Paid Search,608.74
2024-01-16,Paid Search,362.94
2025-04-10,Paid Search,530.3
2024-02-25,Social,46.78
2023-10-08,Paid Search,617.18
2024-05-31,Paid Search,571.33
2023-10-12,Paid Search,595.15
2025-09-02,Social,53.46
2024-11-07,Social,148.22
2025-10-29,Social,64.53
2024-04-13,Social,43.28
2023-12-06,Paid Search,1030.01
2024-10-20,Social,293.41
2025-09-11,Social,42.4
2025-09-13,Paid Search,525.98
2024-05-15,Social,45.07
2024-05-16,Paid Search,495.58
2024-12-14,Social,94.81
2024-12-29,Paid Search,922.38
2024-03-12,Social,55.15
2025-10-14,Paid Search,549.39
2025-06-07,Social,73.43
2023-06-22,Social,64.26
2023-05-19,Social,67.69
2025-07-19,Social,63.18
2023-06-25,Paid Search,451.69
2023-01-07,Paid Search,295.75
2023-09-04,Social,36.85
2025-11-18,Social,138.64
2023-12-09,Social,495.87
2024-11-04,Paid Search,1098.37
2025-11-01,Social,144.34
2024-05-10,Social,35.41
2025-10-30,Paid Search,612.35
2024-09-07,Social,37.09
2024-02-03,Social,33.5
2023-05-30,Paid Search,441.37
2024-07-18,Social,72.45
2025-06-03,PaidSearch,663.14
2025-03-02,Paid Search,554.43
2025-04-07,Paid Search,708.78
2024-04-04,Social,82.89
2023-12-16,Email,30.0
2023-12-04,Social,96.71
2025-08-20,Social,48.09
2024-07-27,Social,58.94
2025-02-12,Social,41.15
2023-06-07,Social,58.82
2024-11-08,Email,30.0
2024-03-16,Email,30.0
2025-04-23,Paid Search,499.35
2025-04-08,Email,30.0
2025-10-24,Paid Search,548.58
2025-07-07,Paid Search,630.62
2025-03-16,Social,54.86
2024-12-24,Email,30.0
2025-06-04,Social,76.72
2023-12-27,PaidSearch,1043.11
2023-09-09,Social,84.37
2025-10-07,Paid Search,435.87
2024-04-16,Paid Search,647.55
2025-11-29,Social,168.94
2024-05-09,Paid Search,574.63
2024-09-01,Paid Search,567.73
2025-07-15,Paid Search,661.47
2023-11-18,Social,172.42
2024-11-15,Paid Search,1150.0
2025-07-20,Social,48.97
2025-07-29,Paid Search,658.57
2025-01-10,Social,38.77
2024-04-14,Social,240.34
2024-02-04,Email,30.0
2025-05-28,Email,30.0
2023-07-05,Social,56.93
2024-08-24,Paid Search,424.67
2024-07-26,Paid Search,677.98
2025-09-18,Paid Search,626.68
2023-07-20,Paid Search,666.97
2024-08-03,PaidSearch,539.66
2023-02-21,Social,35.08
2023-10-01,Social,85.11
2024-10-20,Email,30.0
2025-02-06,Paid Search,353.16
2023-06-16,Social,64.89
2023-01-02,Paid Search,398.58
2025-09-24,Paid Search,532.02
2024-12-11,Paid Search,1149.36
2024-09-25,Paid Search,502.14
2025-12-24,Social,96.71
2025-03-01,Paid Search,478.71
2025-05-07,Paid Search,421.16
2025-09-28,Paid Search,610.92
2025-02-11,Social,38.51
2023-03-15,Social,31.58
2024-11-07,Paid Search,1244.84
2023-09-15,Social,56.37
2023-11-06,Paid Search,1398.69
2025-05-22,Paid Search,465.19
2024-01-13,Social,39.79
2024-05-28,Email,30.0
2024-12-08,Paid Search,1185.16
2024-05-12,Email,30.0
2025-10-05,Paid Search,478.34
2024-03-09,Paid Search,498.85
2024-07-16,Paid Search,626.03
2023-07-27,Social,345.52
2025-02-25,Social,26.12
2025-07-06,Social,72.96
2023-05-07,Social,202.85
2025-04-17,Paid Search,596.02
2023-10-04,Paid Search,566.69
2023-04-16,Email,30.0
2025-12-03,Paid Search,1159.55
2023-06-23,Paid Search,591.24
2023-06-19,Social,45.71
2025-09-04,Email,30.0
2023-11-14,Paid Search,1213.03
2024-08-21,Social,210.35
2024-07-02,Social,55.92
2025-05-26,Social,50.62
2023-10-27,Social,50.93
2025-05-30,Paid Search,584.03
2025-10-11,Paid Search,571.14
2024-08-28,Social,42.89
2024-04-30,Paid Search,470.23
2025-04-27,Social,45.11
2025-02-28,Paid Search,313.19
2025-12-24,Paid Search,1287.07
2025-03-23,Paid Search,513.81
2025-05-11,Paid Search,591.94
2024-08-28,Email,30.0
2024-01-06,Social,40.31
2024-07-12,Social,93.88
2024-06-25,Paid Search,612.36
2025-12-30,Paid Search,901.07
2025-11-06,Paid Search,1153.14
2023-11-05,Paid Search,1292.8
2024-12-29,Social,245.09
2025-11-13,Paid Search,979.22
2023-02-04,Email,30.0
2025-05-29,Paid Search,518.82
2024-06-17,Paid Search,551.23
2025-07-13,Paid Search,589.07
2024-02-08,Paid Search,440.75
2024-08-09,Paid Search,680.67
2025-08-17,Social,49.4
2025-09-25,Paid Search,454.16
2024-05-25,Paid Search,462.21
2024-09-22,Social,48.13
2024-12-01,Paid Search,1089.92
2023-05-28,Email,30.0
2024-06-11,Paid Search,634.94
2023-11-04,Social,96.46
2025-06-23,Social,67.63
2025-07-04,Paid Search,638.33
2023-05-08,Social,42.06
2025-08-30,Paid Search,558.41
2023-04-07,Paid Search,547.85
2024-02-14,Social,56.84
2023-08-20,Email,30.0
2023-09-03,Social,62.65
2023-09-02,Social,62.75
2024-11-24,Paid Search,1193.76
2025-12-16,Paid Search,1259.33
2024-04-07,Paid Search,670.13
2024-03-12,Paid Search,567.45
2023-03-19,Paid Search,511.99
2025-02-13,Paid Search,453.33
2024-08-04,Social,64.32
2025-09-20,Social,63.98
2023-09-24,Social,59.55
2024-11-14,Paid Search,1321.77
2024-12-25,Paid Search,1072.9
2025-02-26,Paid Search,319.56
2025-02-21,Social,43.37
2024-12-21,Social,430.07
2025-09-12,Paid Search,614.75
2023-04-14,Social,65.73
2024-03-30,Paid Search,481.36
2025-08-24,Email,30.0
2024-06-07,Social,42.57
2023-05-17,Paid Search,519.03
2023-07-28,Email,30.0
2025-10-13,Social,45.39
2024-11-22,Social,119.41
2025-01-03,Social,35.31
2024-01-25,Social,43.28
2025-12-17,Social,140.43
2024-02-28,Social,50.42
2023-05-01,Social,51.45
2023-03-23,Social,50.69
2024-12-05,Paid Search,1049.16
2024-03-02,Paid Search,501.73
2024-11-10,Social,76.66
2023-04-08,Paid Search,507.48
2024-04-10,Social,45.13
2023-05-25,Social,63.27
2024-09-12,Email,30.0
2023-04-07,Social,54.19
2023-06-21,Social,62.8
2025-09-25,Social,47.57
2024-08-24,Social,31.89
2024-09-15,Social,45.89
2024-02-05,Social,41.49
2025-11-17,Social,81.06
2025-06-14,Paid Search,633.49
2025-04-09,Social,33.73
2025-02-23,Social,53.09
2024-03-14,Social,39.39
2023-05-26,Paid Search,544.72
2024-06-28,Email,30.0
2025-12-25,PaidSearch,1070.67
2024-02-02,Paid Search,336.22
2024-12-23,Paid Search,947.25
2023-09-24,Paid Search,502.16
2024-05-18,Paid Search,541.12
2023-11-09,Social,117.71
2025-02-15,Paid Search,445.98
2024-12-20,Email,30.0
2024-09-19,Paid Search,544.93
2024-05-21,Paid Search,490.4
2023-11-24,Email,30.0
2024-01-26,Paid Search,381.86
2025-06-20,Paid Search,669.67
2024-04-09,Social,61.25
2023-10-25,Social,311.15
2025-05-16,Email,30.0
2023-08-09,Social,51.51
2023-04-04,Social,59.88
2024-06-24,Email,30.0
2023-12-02,Paid Search,1194.46
2025-12-15,Social,114.24
2024-10-15,Social,64.84
2023-12-24,Email,30.0
2023-02-09,Social,40.64
2023-11-26,Paid Search,1344.65
2023-03-29,Social,39.52
2025-09-23,Paid Search,496.97
2024-07-05,Paid Search,637.66
2025-01-28,Email,30.0
2024-06-10,Social,57.82
2025-04-21,Paid Search,557.31
2025-10-05,Social,50.64
2025-04-12,Paid Search,527.18
2025-04-01,Paid Search,502.87
2025-01-04,Email,30.0
2025-11-20,Social,91.73
2023-09-14,Paid Search,511.12
2025-04-08,Social,47.95
2025-03-09,Social,40.44
2024-06-01,Paid Search,561.98
2023-03-30,Social,258.6
2023-05-18,Social,55.72
2023-02-02,Social,41.23
2024-11-17,Social,150.11
2024-05-07,Paid Search,504.31
2023-09-04,Paid Search,612.86
2024-08-02,Paid Search,514.61
2025-12-18,Social,120.11
2025-12-02,Paid Search,1082.2
2024-06-16,Social,63.98
2025-12-18,Paid Search,1106.44
2024-08-15,Social,47.2
2024-11-18,Paid Search,1256.9
2023-08-06,PaidSearch,603.73
2025-06-06,Paid Search,562.61
2025-12-01,Paid Search,925.03
2024-05-26,Paid Search,481.14
2024-03-19,Social,65.92
2023-08-22,Paid Search,525.72
2023-12-11,Paid Search,1180.93
2024-09-15,Paid Search,452.95
2025-06-10,Social,34.48
2025-11-07,Social,138.35
2023-01-30,Social,39.86
2024-04-07,Social,62.56
2023-10-04,Social,42.02
2024-05-16,Social,181.81
2024-06-27,Social,216.38
2025-09-19,Social,62.44
2025-12-21,Paid Search,1067.11
2024-02-25,Paid Search,423.94
2023-12-12,Email,30.0
2023-08-24,Paid Search,545.98
2024-12-31,Paid Search,945.56
2025-03-15,Paid Search,423.51
2023-10-07,Paid Search,566.68
2025-01-24,Paid Search,372.19
2023-02-05,Paid Search,455.41
2023-12-20,Paid Search,1100.1
2024-07-29,Social,83.7
2023-04-21,Paid Search,524.68
2024-05-04,Email,30.0
2025-04-06,Social,167.46
2025-11-27,Paid Search,1161.5
2025-08-06,Paid Search,531.09
2023-03-05,Social,49.69
2023-05-02,Social,47.84
2024-07-06,Social,52.79
2024-09-24,Email,30.0
2023-03-10,Social,47.55
2024-06-04,Social,30.84
2023-10-06,Paid Search,604.92
2024-11-23,Social,129.0
2025-09-02,Paid Search,509.63
2023-03-27,Paid Search,505.93
2023-08-20,Paid Search,601.19
2023-01-07,Social,41.15
2023-08-03,Social,50.94
2024-08-29,Paid Search,511.81
2025-11-07,Paid Search,1196.85
2025-03-08,Email,30.0
2025-11-28,Paid Search,1149.57
2024-03-04,Social,29.15
2025-10-04,Email,30.0
2025-10-28,Social,78.52
2023-08-31,Social,49.15
2024-04-08,Social,43.96
2024-03-24,Email,30.0
2023-05-09,Paid Search,465.52
2023-09-04,Email,30.0
2025-09-04,Social,56.84
2023-01-22,Paid Search,320.65
2024-01-27,Paid Search,334.7
2025-04-26,Paid Search,482.81
2024-05-05,Paid Search,542.76
2025-11-21,Social,425.45
2023-01-10,Paid Search,352.24
2025-07-29,Social,62.57
2023-01-20,Email,30.0
2025-05-09,Paid Search,557.56
2025-07-02,Social,77.09
2024-12-04,Email,30.0
2024-10-01,Paid Search,558.02
2025-08-01,Paid Search,484.7
2024-01-26,Social,38.44
2025-10-03,Social,71.05
2025-04-19,Paid Search,423.02
2025-11-04,Paid Search,1314.95
2023-08-04,Social,52.92
2025-06-30,Social,48.91
2025-12-08,Email,30.0
2025-01-16,Social,34.29
2024-01-12,Email,30.0
2024-11-13,Social,116.81
2024-06-24,Social,71.84
2023-08-25,Paid Search,472.43
2024-04-15,Paid Search,640.38
2023-11-20,Email,30.0
2025-05-20,Email,30.0
2025-05-19,PaidSearch,407.2
2023-04-09,Social,67.21
2025-02-28,Email,30.0
2025-05-17,Social,40.46
2023-06-04,Social,54.55
2024-11-06,PaidSearch,1387.58
2025-07-26,Paid Search,661.61
2024-05-30,Paid Search,497.31
2025-10-24,Email,30.0
2025-06-01,Social,231.83
2025-09-20,Email,30.0
2023-03-10,Paid Search,410.9
2025-06-24,Social,55.79
2023-01-01,Paid Search,364.85
2023-11-11,Social,182.3
2024-04-19,Social,41.92
2025-03-05,Social,52.06
2025-12-06,Social,164.04
2024-07-20,Email,30.0
2025-06-08,Social,59.19
2023-03-07,Paid Search,496.32
2024-11-28,Paid Search,1327.62
2024-07-13,Social,68.42
2024-09-10,Paid Search,531.59
2024-11-15,Social,341.36
2023-12-12,Social,90.03
2025-08-04,Social,71.18
2025-01-22,Paid Search,373.02
2025-11-24,Paid Search,1082.41
2025-05-30,Social,49.04
2024-02-09,Paid Search,387.88
2023-05-13,Social,40.49
2024-11-13,Paid Search,1249.44
2023-01-26,Social,35.61
2024-11-30,Social,129.86
2025-06-09,Paid Search,574.44
2023-01-13,Paid Search,322.3
2024-12-30,Social,119.67
2025-07-26,Social,56.96
2023-05-13,Paid Search,442.39
2023-04-20,Social,66.81
2023-10-18,Social,170.72
2024-09-06,Social,48.77
2024-10-14,Social,57.15
2024-04-26,Paid Search,488.24
2025-10-04,Social,70.43
2023-11-02,Social,133.28
2023-07-14,Social,71.63
2023-11-01,Social,125.68
2024-08-17,Social,47.49
2024-10-29,Social,55.49
2023-12-31,Paid Search,1183.1
2025-04-24,Paid Search,553.89
2025-07-28,Paid Search,687.24
2025-11-19,Social,140.67
2025-05-20,Paid Search,502.28
2025-12-31,Social,121.18
2023-08-08,Email,30.0
2024-12-24,Paid Search,1208.14
2024-06-13,Social,58.79
2024-09-08,Email,30.0
2024-02-16,Email,30.0
2023-01-29,Paid Search,313.63
2023-10-08,Email,30.0
2023-10-24,Email,30.0
2025-01-18,Social,33.35
2025-11-30,Social,425.55
2025-07-31,Social,87.02
2025-03-03,Social,44.22
2023-02-08,Paid Search,398.22
2024-10-17,Social,58.71
2025-11-15,Paid Search,1154.55
2023-07-18,Social,67.87
2023-07-07,Social,73.37
2024-04-02,Paid Search,599.96
2024-09-04,Email,30.0
2023-05-12,Social,214.43
2024-06-18,Paid Search,538.82
2024-11-06,Social,158.84
2023-02-26,Social,32.08
2025-01-02,Social,31.81
2025-01-03,Paid Search,400.19
2024-06-22,PaidSearch,683.24
2023-11-07,Paid Search,1291.64
2024-12-02,Paid Search,1151.02
2024-08-11,Social,76.94
2023-11-10,Paid Search,1103.98
2025-06-06,Social,44.27
2025-04-24,Social,53.21
2023-07-16,Social,71.4
2025-04-20,Paid Search,643.17
2023-09-10,Paid Search,529.51
2023-11-12,Email,30.0
2025-02-24,Social,42.22
2025-09-27,Social,148.46
2023-06-17,Paid Search,664.6
2024-04-10,Paid Search,522.43
2024-08-20,Social,63.1
2024-03-23,Social,61.93
2025-09-15,Social,60.07
2024-06-08,Email,30.0
2025-03-11,Paid Search,468.01
2024-05-24,Email,30.0
2023-08-10,Social,53.12
2023-09-21,Paid Search,425.91
2025-04-11,Social,73.18
2025-09-12,Email,30.0
2025-07-03,Paid Search,671.05
2025-10-21,Paid Search,662.09
2023-06-14,Paid Search,578.6
2024-01-16,Email,30.0
2024-05-26,Social,33.55
2023-03-08,Paid Search,474.17
2025-03-24,Email,30.0
2025-06-15,Social,51.42
2024-11-22,Paid Search,1235.3
2025-09-14,Paid Search,457.15
2023-05-25,Paid Search,503.98
2025-06-29,Social,74.97
2024-03-21,Paid Search,468.33
2024-07-24,Social,40.82
2023-12-31,Social,135.29
2023-07-29,Paid Search,643.61
2023-02-19,Social,36.78
2025-01-30,Paid Search,279.79
2024-06-12,Social,259.12
2024-04-28,Email,30.0
2025-11-08,Social,102.6
2024-08-24,Email,30.0
2025-03-26,Social,48.91
2025-10-26,Paid Search,607.47
2024-06-06,Paid Search,619.6
2025-10-19,Social,73.71
2024-10-12,Social,40.42
2025-06-29,Paid Search,730.63
2023-03-01,Social,88.42
2023-07-08,Paid Search,713.22
2024-09-16,Paid Search,503.49
2024-11-11,Social,104.12
2025-01-27,Social,33.52
2025-02-12,Paid Search,363.82
2025-07-12,Social,54.21
2023-05-17,Social,231.21
2025-10-15,Social,250.35
2025-01-08,Paid Search,337.98
2024-07-06,Paid Search,704.49
2024-11-10,Paid Search,1184.86
2025-07-07,Social,67.04
2024-10-12,Email,30.0
2025-06-24,Email,30.0
2025-08-26,Social,42.77
2025-03-24,Paid Search,456.38
2023-04-12,Paid Search,582.96
2025-01-04,Social,30.34
2024-01-12,Paid Search,353.47
2025-07-13,Social,57.58
2024-03-31,Social,40.02
2025-07-11,Paid Search,662.54
2024-08-31,Paid Search,571.63
2024-06-04,Paid Search,576.35
2023-09-07,Social,33.22
2023-07-21,Social,101.52
2023-09-25,Paid Search,476.48
2025-02-08,Paid Search,403.17
2025-05-12,Social,36.46
2023-03-20,Paid Search,626.44
2023-06-02,Paid Search,562.85
2025-08-30,Social,55.09
2024-02-10,Paid Search,434.76
2023-09-21,Social,43.43
2024-09-28,Social,59.29
2023-01-16,Social,39.35
2023-01-13,Social,104.96
2023-12-15,Social,122.2
2024-09-03,Paid Search,498.61
2024-09-24,Social,54.17
2025-05-03,Paid Search,518.52
2025-08-31,Paid Search,598.94
2024-02-19,Social,32.78
2024-02-04,Paid Search,426.83
2024-08-29,Social,52.43
2023-08-04,Paid Search,462.86
2024-12-08,Social,112.39
2023-07-12,Paid Search,690.96
2024-03-03,Social,234.64
2023-04-29,Paid Search,521.44
2023-07-13,Social,66.42
2025-01-12,Paid Search,387.69
2023-03-21,Social,59.62
2023-04-09,Paid Search,549.9
2023-04-11,Paid Search,490.28
2024-10-05,Social,78.88
2025-12-20,Social,125.63
2025-04-25,Social,63.18
2023-03-06,Paid Search,478.89
2025-03-12,Paid Search,527.12
2024-12-14,Paid Search,946.3
2024-10-12,PaidSearch,524.76
2025-09-05,Paid Search,583.84
2023-06-21,Paid Search,529.81
2024-10-22,Social,47.38
2025-07-16,Email,30.0
2025-06-19,Paid Search,657.2
2024-05-17,Social,54.43
2024-01-30,Social,122.6
2023-11-20,Social,92.53
2024-02-04,Social,53.73
2023-09-17,Social,54.82
2024-06-26,Paid Search,609.87
2025-11-28,Email,30.0
2025-11-11,Paid Search,1367.48
2025-11-04,Email,30.0
2025-02-04,Social,53.89
2024-06-03,Social,52.19
2023-05-03,Social,52.12
2023-03-18,Social,39.64
2024-11-08,Social,124.24
2025-02-08,Social,46.24
2023-12-12,Paid Search,1195.11
2023-05-02,Paid Search,538.03
2025-02-12,Email,30.0
2025-11-20,Paid Search,1151.19
2024-06-15,Paid Search,576.94
2024-12-02,Social,162.59
2025-03-10,Paid Search,454.46
2024-01-14,Paid Search,357.91
2023-07-01,Paid Search,651.79
2024-07-23,Paid Search,768.36
2024-02-10,Social,47.5
2023-03-11,Paid Search,539.23
2024-01-22,Paid Search,378.12
2024-11-24,Email,30.0
2025-06-12,Email,30.0
2025-07-21,Social,63.78
2024-12-03,Paid Search,1032.88
2024-09-11,Paid Search,494.53
2024-05-19,PaidSearch,420.84
2023-01-09,Paid Search,332.78
2025-02-17,Paid Search,448.14
2023-09-18,Social,54.76
2024-05-14,PaidSearch,589.11
2025-04-23,Social,39.74
2023-07-17,Social,264.1
2023-04-25,Social,51.04
2024-10-24,Email,30.0
2023-04-24,Email,30.0
2023-11-07,Social,83.87
2024-11-27,Social,127.13
2025-03-30,Paid Search,524.76
2025-10-14,Social,47.01
2025-08-24,Social,211.73
2024-05-03,Social,62.83
2024-08-06,Social,274.84
2025-12-07,Paid Search,1314.18
2023-05-16,Email,30.0
2024-11-27,Paid Search,1280.01
2023-07-08,Social,43.13
2023-09-08,Social,36.53
2024-10-06,Paid Search,569.05
2023-08-16,Social,53.57
2024-06-12,Email,30.0
2023-06-18,Social,49.45
2025-04-18,Paid Search,552.0
2024-12-04,Paid Search,1134.62
2024-08-08,Email,30.0
2025-04-02,Social,57.74
2025-01-13,Social,44.62
2023-12-05,Social,112.28
2025-06-02,Paid Search,624.45
2024-02-17,Paid Search,454.18
2023-05-11,Paid Search,466.27
2025-09-29,Social,63.78
2023-07-24,Social,99.5
2025-08-08,Paid Search,541.51
2024-07-29,Paid Search,701.28
2023-11-24,Paid Search,1240.17
2023-08-13,Social,152.65
2025-12-08,PaidSearch,893.71
2023-10-16,Social,59.54
2024-02-14,Paid Search,413.11
2024-11-21,Paid Search,1455.39
2024-02-21,Social,43.64
2024-06-27,Paid Search,666.95
2025-03-05,Paid Search,515.93
2023-10-29,Paid Search,683.17
2024-01-03,Social,24.17
2025-06-20,Social,79.97
2025-12-06,Paid Search,1157.72
2025-11-25,Social,130.98
2024-11-12,Social,155.36
2023-06-24,Email,30.0
2024-10-18,Social,263.26
2023-10-19,Paid Search,555.22
2023-05-28,Social,48.95
2024-06-18,Social,50.71
2025-12-26,Paid Search,1029.3
2025-10-12,Social,44.49
2023-07-08,Email,30.0
2023-08-15,Social,68.83
2023-04-20,Paid Search,612.06
2024-12-10,Social,139.82
2023-08-16,PaidSearch,475.11
2024-02-29,Paid Search,350.67
2025-07-03,Social,32.26
2023-10-06,Social,78.33
2025-08-11,Social,61.49
2023-11-04,Paid Search,1129.14
2025-03-06,Paid Search,456.75
2025-11-27,Social,612.12
2023-05-03,Paid Search,511.53
2023-06-05,Social,67.56
2023-12-24,Social,85.68
2024-10-30,Paid Search,491.57
2024-04-28,Paid Search,559.68
2024-02-17,Social,52.03
2023-08-29,Social,41.41
2023-05-20,Email,30.0
2023-12-01,Social,126.11
2023-12-21,Paid Search,1119.69
2025-06-26,Social,73.85
2024-10-17,Paid Search,599.4
2025-01-13,Paid Search,372.07
2023-06-13,Social,84.61
2025-07-10,Paid Search,616.66
2025-11-20,Email,30.0
2024-11-05,Paid Search,1327.15
2024-05-07,Social,40.63
2023-04-27,Paid Search,505.04
2025-08-28,Paid Search,529.89
2023-02-22,Social,36.15
2023-06-20,Social,58.68
2023-09-27,Paid Search,505.95
2024-08-02,Social,65.93
2025-05-07,Social,42.33
2023-11-19,Social,115.61
2023-09-26,Social,49.95
2023-01-21,Paid Search,330.14
2024-10-09,Social,53.69
2025-01-11,Paid Search,332.5
2025-05-02,Social,156.94
2025-04-28,Email,30.0
2025-05-21,Social,56.65
2023-04-30,Paid Search,542.74
2023-04-28,Social,61.1
2023-06-18,Paid Search,547.3
2025-05-31,Social,39.4
2025-12-16,Social,73.38
2024-10-19,Social,44.01
2023-05-27,Social,44.67
2024-07-16,Email,30.0
2024-12-18,Social,134.19
2024-07-11,Social,51.06
2024-09-16,Social,61.16
2023-11-29,Paid Search,1521.96
2025-05-05,Paid Search,455.72
2024-02-27,Paid Search,377.67
2024-10-21,Social,71.03
2023-07-11,Paid Search,662.12
2023-07-04,Paid Search,735.14
2024-04-22,Social,52.55
2025-03-19,Paid Search,434.33
2024-07-05,Social,59.0
